Domaine,Lien
E-commerce,https://www.youtube.com/watch?v=1A2B3C4D5E6
Utilisation de l'IA,https://www.youtube.com/watch?v=2B3C4D5E6F7
Marketing digital,https://www.youtube.com/watch?v=3C4D5E6F7G8
Optimisation des ventes,https://www.youtube.com/watch?v=4D5E6F7G8H9
Automatisation en e-commerce,https://www.youtube.com/watch?v=5E6F7G8H9I0
IA pour l'analyse de données,https://www.youtube.com/watch?v=6F7G8H9I0J1
Stratégies de fidélisation,https://www.youtube.com/watch?v=7G8H9I0J1K2
Logistique en e-commerce,https://www.youtube.com/watch?v=8H9I0J1K2L3
Publicité en ligne,https://www.youtube.com/watch?v=9I0J1K2L3M4
IA pour personnalisation client,https://www.youtube.com/watch?v=0J1K2L3M4N5
SEO pour e-commerce,https://www.youtube.com/watch?v=SEO001
Gestion de la relation client (CRM),https://www.youtube.com/watch?v=CRM001
Analytics e-commerce,https://www.youtube.com/watch?v=ANALYTICS001
Conversion Rate Optimization,https://www.youtube.com/watch?v=CRO001
Email marketing automation,https://www.youtube.com/watch?v=EMAIL001
Sécurité des données e-commerce,https://www.youtube.com/watch?v=SECURITY001
UX Design pour e-commerce,https://www.youtube.com/watch?v=UX001
Systèmes de paiement en ligne,https://www.youtube.com/watch?v=PAYMENT001
Gestion des stocks intelligente,https://www.youtube.com/watch?v=STOCK001
Social selling,https://www.youtube.com/watch?v=SOCIAL001
Mobile commerce,https://www.youtube.com/watch?v=MOBILE001
Chatbots et service client IA,https://www.youtube.com/watch?v=CHATBOT001
Pricing dynamique,https://www.youtube.com/watch?v=PRICING001
Content marketing e-commerce,https://www.youtube.com/watch?v=CONTENT001
Marketplace management,https://www.youtube.com/watch?v=MARKETPLACE001
Intégration des réseaux sociaux,https://www.youtube.com/watch?v=SOCIALMEDIA001
Business Intelligence e-commerce,https://www.youtube.com/watch?v=BI001
Photographe produit e-commerce,https://www.youtube.com/watch?v=PHOTO001
Copywriting pour e-commerce,https://www.youtube.com/watch?v=COPY001
Cross-selling et up-selling IA,https://www.youtube.com/watch?v=UPSELL001
Performance web e-commerce,https://www.youtube.com/watch?v=WEBPERF001
Stratégie omnicanal,https://www.youtube.com/watch?v=OMNI001
Gestion des retours clients,https://www.youtube.com/watch?v=RETURNS001
Voice commerce,https://www.youtube.com/watch?v=VOICE001



